,continent,country,abbreviation,sq_km_area,population,administered,people_partially_vaccinated,people_vaccinated,updated
0,Asia,Afghanistan,AF,652090,35530081,240000,240000,0,2021/04/22 00:00:00+00
1,Incomplete,Africa,Incomplete,Incomplete,Incomplete,17593073,12566761,4819465,2021/04/28 00:00:00+00
2,Europe,Albania,AL,28748,2930187,433628,6073,655,2021/04/28 00:00:00+00
3,Africa,Algeria,DZ,2381741,41318142,75000,0,0,2021/02/19 00:00:00+00
4,Europe,Andorra,AD,468,76965,26414,21733,4681,2021/04/19 00:00:00+00
5,Africa,Angola,AO,1246700,29784193,456349,456349,0,2021/04/23 00:00:00+00
6,North America,Anguilla,AI,96,14909,6898,6115,783,2021/04/22 00:00:00+00
7,North America,Antigua and Barbuda,AG,442,102012,29754,29754,0,2021/04/22 00:00:00+00
8,South America,Argentina,AR,2780400,44271041,7557986,6672739,885247,2021/04/28 00:00:00+00
9,Asia,Armenia,AM,29800,2930450,565,565,0,2021/03/31 00:00:00+00
10,North America,Aruba,AW,193,105264,74668,53813,20855,2021/04/28 00:00:00+00
11,Incomplete,Asia,Incomplete,Incomplete,Incomplete,506693299,192490917,58939357,2021/04/28 00:00:00+00
12,Oceania,Australia,AU,7741220,24450561,2029544,159294,0,2021/04/28 00:00:00+00
13,Europe,Austria,AT,83859,8735453,2974177,2160783,813415,2021/04/28 00:00:00+00
14,Asia,Azerbaijan,AZ,86600,9827589,1456114,953545,502569,2021/04/28 00:00:00+00
15,North America,Bahamas,BS,13878,395361,25692,25692,0,2021/04/27 00:00:00+00
16,Asia,Bahrain,BH,694,1492584,1216359,681686,534673,2021/04/28 00:00:00+00
17,Asia,Bangladesh,BD,143998,164669751,8517801,5819646,2698155,2021/04/28 00:00:00+00
18,North America,Barbados,BB,430,285719,73808,73808,0,2021/04/27 00:00:00+00
19,Europe,Belarus,BY,207600,9468338,328500,244000,84500,2021/04/23 00:00:00+00
20,Europe,Belgium,BE,30518,11429336,3634242,2855634,779103,2021/04/28 00:00:00+00
21,North America,Belize,BZ,22696,374681,41014,41014,0,2021/04/27 00:00:00+00
22,North America,Bermuda,BM,53,61349,55904,32129,23775,2021/04/26 00:00:00+00
23,Asia,Bhutan,BT,47000,807610,480237,480237,0,2021/04/28 00:00:00+00
24,South America,Bolivia,BO,1098581,11051600,722946,516958,205988,2021/04/27 00:00:00+00
25,Europe,Bosnia and Herzegovina,BA,51197,3507017,15000,63376,0,2021/04/26 00:00:00+00
26,Africa,Botswana,BW,581730,2291661,47160,47160,0,2021/04/23 00:00:00+00
27,South America,Brazil,BR,8547403,209288278,41003659,28312000,12691659,2021/04/28 00:00:00+00
28,Asia,Brunei,BN,5765,428697,10715,10715,0,2021/04/23 00:00:00+00
29,Europe,Bulgaria,BG,110994,7084571,776254,585719,190535,2021/04/28 00:00:00+00
30,Asia,Cambodia,KH,181035,16005373,2117564,1298851,818713,2021/04/27 00:00:00+00
31,Africa,Cameroon,CM,475442,24053727,400,400,0,2021/04/12 00:00:00+00
32,North America,Canada,CA,9970610,36624199,12826266,11764830,1061436,2021/04/28 00:00:00+00
33,Africa,Cape Verde,CV,4033,546388,2184,2184,0,2021/03/24 00:00:00+00
34,North America,Cayman Islands,KY,264,61559,65383,35307,30076,2021/04/26 00:00:00+00
35,South America,Chile,CL,756626,18054726,14496806,8035014,6461792,2021/04/27 00:00:00+00
36,Asia,China,CN,9572900,1409517397,243905000,0,0,2021/04/28 00:00:00+00
37,South America,Colombia,CO,1138914,49065615,4714640,3209415,1505225,2021/04/28 00:00:00+00
38,Africa,Congo,CG,342000,5260750,14297,14297,0,2021/04/14 00:00:00+00
39,North America,Costa Rica,CR,51100,4905769,818884,538682,280202,2021/04/26 00:00:00+00
40,Africa,Cote d'Ivoire,CI,322463,24294750,132434,132434,0,2021/04/28 00:00:00+00
41,Europe,Croatia,HR,56538,4189353,825839,648709,177130,2021/04/28 00:00:00+00
42,Incomplete,Curacao,Incomplete,Incomplete,Incomplete,89746,69977,19769,2021/04/28 00:00:00+00
43,Asia,Cyprus,CY,9251,1179551,236265,176082,60183,2021/04/23 00:00:00+00
44,Europe,Czechia,CZ,78866,10618303,3008953,2031776,980327,2021/04/28 00:00:00+00
45,Incomplete,Democratic Republic of Congo,Incomplete,Incomplete,Incomplete,1700,1700,0,2021/04/25 00:00:00+00
46,Europe,Denmark,DK,43094,5733551,1932593,1304398,628195,2021/04/28 00:00:00+00
47,Africa,Djibouti,DJ,23200,956985,10246,10246,0,2021/04/17 00:00:00+00
48,North America,Dominica,DM,751,73925,23055,18237,4818,2021/04/22 00:00:00+00
49,North America,Dominican Republic,DO,48511,10766998,1847261,1067830,779431,2021/04/27 00:00:00+00
50,South America,Ecuador,EC,283561,16624858,816175,595699,220476,2021/04/27 00:00:00+00
51,Africa,Egypt,EG,1001449,97553151,660000,660000,0,2021/04/18 00:00:00+00
52,North America,El Salvador,SV,21041,6377853,833959,775959,58000,2021/04/28 00:00:00+00
53,Europe,England,Incomplete,Incomplete,,40294585,28545198,11749387,2021/04/28 00:00:00+00
54,Africa,Equatorial Guinea,GQ,28051,1267689,75518,64646,10872,2021/04/28 00:00:00+00
55,Europe,Estonia,EE,45227,1309632,432845,323287,109558,2021/04/28 00:00:00+00
56,Incomplete,Eswatini,Incomplete,Incomplete,Incomplete,34897,34897,0,2021/04/25 00:00:00+00
57,Africa,Ethiopia,ET,1104300,104957438,430000,0,0,2021/04/08 00:00:00+00
58,Incomplete,Europe,Incomplete,Incomplete,Incomplete,216404470,154411112,61445268,2021/04/28 00:00:00+00
59,Incomplete,European Union,Incomplete,Incomplete,Incomplete,139568069,102015068,37383435,2021/04/28 00:00:00+00
60,Incomplete,Faeroe Islands,Incomplete,Incomplete,Incomplete,20238,14458,5780,2021/04/28 00:00:00+00
61,South America,Falkland Islands,FK,12173,2910,4407,2632,1775,2021/04/14 00:00:00+00
62,Oceania,Fiji,FJ,18274,905502,56000,56000,0,2021/04/16 00:00:00+00
63,Europe,Finland,FI,338145,5523231,1757197,1597841,159356,2021/04/28 00:00:00+00
64,Europe,France,FR,551500,64979548,20486442,14601130,5899322,2021/04/27 00:00:00+00
65,Africa,Gabon,GA,267668,2025137,8897,6895,2002,2021/04/23 00:00:00+00
66,Africa,Gambia,GM,11295,2100568,20922,20922,0,2021/04/24 00:00:00+00
67,Asia,Georgia,GE,69700,3912061,41801,41801,0,2021/04/28 00:00:00+00
68,Europe,Germany,DE,357022,82114224,27803779,21562627,6241152,2021/04/28 00:00:00+00
69,Africa,Ghana,GH,238533,28833629,846588,846588,0,2021/04/26 00:00:00+00
70,Europe,Gibraltar,GI,6,34571,69532,37478,32054,2021/04/28 00:00:00+00
71,Europe,Greece,GR,131626,11159773,3009488,2099343,910145,2021/04/28 00:00:00+00
72,North America,Greenland,GL,2166090,56480,13847,8858,4989,2021/04/28 00:00:00+00
73,North America,Grenada,GD,344,107825,12764,11779,985,2021/04/22 00:00:00+00
74,North America,Guatemala,GT,108889,16913503,168367,166469,1898,2021/04/28 00:00:00+00
75,Incomplete,Guernsey,Incomplete,Incomplete,Incomplete,46587,32969,13618,2021/04/20 00:00:00+00
76,Africa,Guinea,GN,245857,12717176,135454,91696,43758,2021/04/27 00:00:00+00
77,South America,Guyana,GY,214969,777859,126800,124000,2800,2021/04/26 00:00:00+00
78,North America,Honduras,HN,112088,9265067,57639,55000,2639,2021/04/09 00:00:00+00
79,Asia,Hong Kong,HK,1075,7364883,1351966,884320,467646,2021/04/28 00:00:00+00
80,Europe,Hungary,HU,93030,9721559,5692877,3870222,1822655,2021/04/28 00:00:00+00
81,Europe,Iceland,IS,103000,335025,121530,87038,34492,2021/04/28 00:00:00+00
82,Asia,India,IN,3287263,1339180127,147053392,122538179,24515213,2021/04/28 00:00:00+00
83,Asia,Indonesia,ID,1904569,263991379,19561472,12150377,7411095,2021/04/28 00:00:00+00
84,Asia,Iran,IR,1648195,81162788,938754,744914,193840,2021/04/28 00:00:00+00
85,Asia,Iraq,IQ,438317,38274618,298377,298377,0,2021/04/23 00:00:00+00
86,Europe,Ireland,IE,70273,4761657,1452434,1041284,411150,2021/04/27 00:00:00+00
87,Incomplete,Isle of Man,Incomplete,Incomplete,Incomplete,71703,55945,15758,2021/04/28 00:00:00+00
88,Asia,Israel,IL,21056,8321570,10481143,5399137,5082006,2021/04/28 00:00:00+00
89,Europe,Italy,IT,301316,59359900,18900607,13363861,5573470,2021/04/28 00:00:00+00
90,North America,Jamaica,JM,10990,2890299,135473,135473,0,2021/04/13 00:00:00+00
91,Asia,Japan,JP,377829,127484450,3225464,2273974,951490,2021/04/27 00:00:00+00
92,Incomplete,Jersey,Incomplete,Incomplete,Incomplete,82738,52405,30333,2021/04/25 00:00:00+00
93,Asia,Jordan,JO,88946,9702353,732052,1200000,124671,2021/04/25 00:00:00+00
94,Asia,Kazakhstan,KZ,2724900,18204499,1317852,1092757,225095,2021/04/28 00:00:00+00
95,Africa,Kenya,KE,580367,49699862,853081,853081,0,2021/04/28 00:00:00+00
96,Incomplete,Kosovo,Incomplete,Incomplete,Incomplete,22096,22096,0,2021/04/23 00:00:00+00
97,Asia,Kuwait,KW,17818,4136528,1000000,822000,38000,2021/04/25 00:00:00+00
98,Asia,Kyrgyzstan,KG,199900,6045117,2100,2100,0,2021/04/12 00:00:00+00
99,Asia,Laos,LA,236800,6858160,184387,126072,58315,2021/04/26 00:00:00+00
100,Europe,Latvia,LV,64589,1949670,282805,237133,45718,2021/04/28 00:00:00+00
101,Asia,Lebanon,LB,10400,6082357,455275,290216,165059,2021/04/28 00:00:00+00
102,Africa,Lesotho,LS,30355,2233339,16000,16000,0,2021/04/17 00:00:00+00
103,Africa,Libya,LY,1759540,5605000,750,750,0,2021/04/17 00:00:00+00
104,Europe,Liechtenstein,LI,160,37922,11457,7752,3705,2021/04/25 00:00:00+00
105,Europe,Lithuania,LT,65301,2890297,910101,658661,251440,2021/04/28 00:00:00+00
106,Europe,Luxembourg,LU,2586,583455,186480,136453,50027,2021/04/28 00:00:00+00
107,Asia,Macao,MO,18,473000,100454,65813,34776,2021/04/28 00:00:00+00
108,Africa,Malawi,MW,118484,18622104,285824,285824,0,2021/04/28 00:00:00+00
109,Asia,Malaysia,MY,329758,31624264,1369749,844906,524843,2021/04/27 00:00:00+00
110,Asia,Maldives,MV,298,436330,386881,294269,92612,2021/04/27 00:00:00+00
111,Africa,Mali,ML,1240192,18541980,49903,49903,0,2021/04/25 00:00:00+00
112,Europe,Malta,MT,316,430835,326934,222470,104464,2021/04/28 00:00:00+00
113,Africa,Mauritania,MR,1025520,4420184,7038,7038,0,2021/04/18 00:00:00+00
114,Africa,Mauritius,MU,2040,1265138,117323,117323,0,2021/03/24 00:00:00+00
115,North America,Mexico,MX,1958201,129163276,16687189,12096308,6096954,2021/04/27 00:00:00+00
116,Europe,Moldova,MD,33851,4051212,139505,124505,15000,2021/04/28 00:00:00+00
117,Europe,Monaco,MC,1.5,38695,24390,12758,11632,2021/04/22 00:00:00+00
118,Asia,Mongolia,MN,1566500,3075647,1080571,782314,298257,2021/04/28 00:00:00+00
119,Incomplete,Montenegro,Incomplete,Incomplete,Incomplete,60431,39965,20466,2021/04/28 00:00:00+00
120,North America,Montserrat,MS,102,5177,1909,1293,616,2021/04/21 00:00:00+00
121,Africa,Morocco,MA,446550,35739580,9239973,4985094,4254879,2021/04/28 00:00:00+00
122,Africa,Mozambique,MZ,801590,29668834,57305,57305,0,2021/03/23 00:00:00+00
123,Asia,Myanmar,MM,676578,53370609,1040000,1000000,40000,2021/03/31 00:00:00+00
124,Africa,Namibia,NA,824292,2533794,20005,18837,1168,2021/04/28 00:00:00+00
125,Oceania,Nauru,NR,21,11359,700,700,0,2021/04/15 00:00:00+00
126,Asia,Nepal,NP,147181,29304998,2091511,2091511,0,2021/04/28 00:00:00+00
127,Europe,Netherlands,NL,41526,17035938,5265860,3880412,1111391,2021/04/28 00:00:00+00
128,Oceania,New Zealand,NZ,270534,4705818,232588,172564,60024,2021/04/27 00:00:00+00
129,North America,Nicaragua,NI,130000,6217581,61625,61625,0,2021/04/14 00:00:00+00
130,Africa,Niger,NE,1267000,21477348,1366,1366,0,2021/04/17 00:00:00+00
131,Africa,Nigeria,NG,923768,190886311,1191563,1191563,0,2021/04/28 00:00:00+00
132,Incomplete,North America,Incomplete,Incomplete,Incomplete,269347970,170304397,106629912,2021/04/28 00:00:00+00
133,Europe,North Macedonia,MK,25713,2024000,55926,55926,0,2021/04/27 00:00:00+00
134,Incomplete,Northern Cyprus,Incomplete,Incomplete,Incomplete,109490,60642,48848,2021/04/23 00:00:00+00
135,Europe,Northern Ireland,GB,Incomplete,,1312891,935589,377302,2021/04/28 00:00:00+00
136,Europe,Norway,NO,323877,5305383,1625130,1288587,336543,2021/04/28 00:00:00+00
137,Incomplete,Oceania,Incomplete,Incomplete,Incomplete,2331989,401715,60024,2021/04/28 00:00:00+00
138,Asia,Oman,OM,309500,4636262,315691,253000,62691,2021/04/28 00:00:00+00
139,Asia,Pakistan,PK,796095,197015955,2100000,2100000,0,2021/04/14 00:00:00+00
140,Asia,Palestine,PS,6257,4920724,213989,170109,43880,2021/04/25 00:00:00+00
141,North America,Panama,PA,75517,4098587,640507,452242,188265,2021/04/27 00:00:00+00
142,Oceania,Papua New Guinea,PG,462840,8251162,2900,2900,0,2021/04/25 00:00:00+00
143,South America,Paraguay,PY,406752,6811297,103994,92926,11068,2021/04/27 00:00:00+00
144,South America,Peru,PE,1285216,32165485,1515508,909719,605789,2021/04/28 00:00:00+00
145,Asia,Philippines,PH,300000,104918090,1809801,1562815,246986,2021/04/27 00:00:00+00
146,Europe,Poland,PL,323250,38170712,11081369,8229040,2852329,2021/04/28 00:00:00+00
147,Europe,Portugal,PT,91982,10329506,3130407,2286012,844373,2021/04/28 00:00:00+00
148,Asia,Qatar,QA,11000,2639211,1496833,100000,0,2021/04/28 00:00:00+00
149,Europe,Romania,RO,238391,19679306,4913012,3092378,1820634,2021/04/26 00:00:00+00
150,Europe,Russia,RU,17075400,143989754,19043771,11913555,7130216,2021/04/28 00:00:00+00
151,Africa,Rwanda,RW,26338,12208407,349702,349702,0,2021/04/16 00:00:00+00
152,Africa,Saint Helena,SH,314,4049,4572,3563,1009,2021/04/09 00:00:00+00
153,North America,Saint Kitts and Nevis,KN,261,55345,11848,11848,0,2021/04/21 00:00:00+00
154,North America,Saint Lucia,LC,622,178844,24123,20247,0,2021/04/28 00:00:00+00
155,North America,Saint Vincent and the Grenadines,VC,388,109897,13852,0,0,2021/04/24 00:00:00+00
156,Europe,San Marino,SM,61,33400,28475,19773,8702,2021/04/28 00:00:00+00
157,Africa,Sao Tome and Principe,ST,964,204327,9724,9724,0,2021/03/29 00:00:00+00
158,Asia,Saudi Arabia,SA,2149690,32938213,8847625,0,0,2021/04/28 00:00:00+00
159,Europe,Scotland,Incomplete,Incomplete,,3981439,2796810,1184629,2021/04/28 00:00:00+00
160,Africa,Senegal,SN,196722,15850567,406981,406981,0,2021/04/28 00:00:00+00
161,Incomplete,Serbia,Incomplete,Incomplete,Incomplete,3410440,2005629,1404811,2021/04/28 00:00:00+00
162,Africa,Seychelles,SC,455,94737,123831,66583,57248,2021/04/26 00:00:00+00
163,Africa,Sierra Leone,SL,71740,7557212,59316,53717,5599,2021/04/27 00:00:00+00
164,Asia,Singapore,SG,618,5708844,2213888,1364124,849764,2021/04/18 00:00:00+00
165,Europe,Slovakia,SK,49012,5447662,1512445,1046119,466326,2021/04/28 00:00:00+00
166,Europe,Slovenia,SI,20256,2079976,593117,413033,180084,2021/04/28 00:00:00+00
167,Oceania,Solomon Islands,SB,28896,611343,4890,4890,0,2021/04/27 00:00:00+00
168,Africa,Somalia,SO,637657,14742523,117567,117567,0,2021/04/17 00:00:00+00
169,Africa,South Africa,ZA,1221037,56717156,298153,298153,298153,2021/04/28 00:00:00+00
170,Incomplete,South America,Incomplete,Incomplete,Incomplete,73091662,49909064,23182598,2021/04/28 00:00:00+00
171,Incomplete,South Korea,Incomplete,Incomplete,Incomplete,2977515,2808794,168721,2021/04/28 00:00:00+00
172,Africa,South Sudan,SS,619745,12575714,947,947,0,2021/04/15 00:00:00+00
173,Europe,Spain,ES,505992,46354321,15377862,11261171,4166758,2021/04/27 00:00:00+00
174,Incomplete,Sri Lanka,Incomplete,Incomplete,20876917,925242,925242,0,2021/04/11 00:00:00+00
175,Africa,Sudan,SD,1886068,40533330,140227,140227,0,2021/04/23 00:00:00+00
176,South America,Suriname,SR,163265,563402,38351,38351,0,2021/04/28 00:00:00+00
177,Europe,Sweden,SE,449964,9910701,3063685,2329490,734195,2021/04/28 00:00:00+00
178,Europe,Switzerland,CH,41284,8476005,2431709,1566793,864916,2021/04/25 00:00:00+00
179,Asia,Syria,SY,185180,18269868,2500,2500,0,2021/04/08 00:00:00+00
180,Incomplete,Taiwan,Incomplete,Incomplete,Incomplete,50833,32389,0,2021/04/28 00:00:00+00
181,Asia,Thailand,TH,513115,69037513,1344646,1059721,284925,2021/04/28 00:00:00+00
182,Incomplete,Timor,Incomplete,Incomplete,Incomplete,2629,2629,0,2021/04/14 00:00:00+00
183,Africa,Togo,TG,56785,7797694,160000,160000,0,2021/04/17 00:00:00+00
184,Oceania,Tonga,TO,650,108020,5367,5367,0,2021/04/26 00:00:00+00
185,North America,Trinidad and Tobago,TT,5130,1369125,42082,42082,0,2021/04/28 00:00:00+00
186,Africa,Tunisia,TN,163610,11532127,345914,271129,74785,2021/04/27 00:00:00+00
187,Asia,Turkey,TR,774815,80745020,22132803,13512810,8619993,2021/04/28 00:00:00+00
188,North America,Turks and Caicos Islands,TC,430,35446,25039,15039,10000,2021/04/11 00:00:00+00
189,Africa,Uganda,UG,241038,42862958,304030,304030,0,2021/04/26 00:00:00+00
190,Europe,Ukraine,UA,603700,44222947,629192,629182,10,2021/04/28 00:00:00+00
191,Asia,United Arab Emirates,AE,83600,9400145,10466251,5081853,3836521,2021/04/28 00:00:00+00
192,Europe,United Kingdom,GB,242900,66181585,48138009,34094048,14043961,2021/04/28 00:00:00+00
193,Incomplete,United States,Incomplete,Incomplete,Incomplete,237360493,143793565,91571946,2021/04/30 00:00:00+00
194,South America,Uruguay,UY,175016,3456750,1740390,1149611,590779,2021/04/28 00:00:00+00
195,Asia,Uzbekistan,UZ,447400,31910641,600369,600369,0,2021/04/27 00:00:00+00
196,South America,Venezuela,VE,912050,31977065,250000,250000,0,2021/04/12 00:00:00+00
197,Asia,Vietnam,VN,331689,95540800,425638,425638,0,2021/04/28 00:00:00+00
198,Europe,Wales,Incomplete,Incomplete,,2549094,1816451,732643,2021/04/28 00:00:00+00
199,Incomplete,World,Incomplete,Incomplete,Incomplete,1085462463,580083966,255076624,2021/04/28 00:00:00+00
200,Africa,Zambia,ZM,752618,17094130,21919,21919,0,2021/04/28 00:00:00+00
201,Africa,Zimbabwe,ZW,390757,16529904,458013,388021,69992,2021/04/28 00:00:00+00
202,Incomplete,Global,Incomplete,Incomplete,7444509223,3446814546,1877461592,810184793,Incomplete
