,location,continent,country,abbreviation,lat,long,sq_km_area,population,confirmed,recovered,deaths,updated
0,Southern and Central Asia,Asia,Afghanistan,AF,33.93911,67.709953,652090,35530081,59576,53103,2618,2021/04/30 00:20:56+00
1,Southern Europe,Europe,Albania,AL,41.1533,20.1683,28748,2930187,130977,108606,2389,2021/04/30 00:20:56+00
2,Northern Africa,Africa,Algeria,DZ,28.0339,1.6596,2381741,41318142,121866,84940,3244,2021/04/30 00:20:56+00
3,Southern Europe,Europe,Andorra,AD,42.5063,1.5218,468,76965,13198,12650,125,2021/04/30 00:20:56+00
4,Central Africa,Africa,Angola,AO,-11.2027,17.8739,1246700,29784193,26431,23606,594,2021/04/30 00:20:56+00
5,Caribbean,North America,Antigua and Barbuda,AG,17.0608,-61.7964,442,102012,1232,1014,32,2021/04/30 00:20:56+00
6,South America,South America,Argentina,AR,-38.4161,-63.6167,2780400,44271041,2954943,2608077,63508,2021/04/30 00:20:56+00
7,Middle East,Asia,Armenia,AM,40.0691,45.0382,29800,2930450,215528,197171,4087,2021/04/30 00:20:56+00
8,Australia and New Zealand,Oceania,Australia,AU,Incomplete,Incomplete,7741220,24450561,29781,23279,910,Incomplete
9,Western Europe,Europe,Austria,AT,47.5162,14.5501,83859,8735453,616739,582575,10179,2021/04/30 00:20:56+00
10,Middle East,Asia,Azerbaijan,AZ,40.1431,47.5769,86600,9827589,317913,287298,4490,2021/04/30 00:20:56+00
11,Caribbean,North America,Bahamas,BS,25.025885,-78.035889,13878,395361,10349,9421,198,2021/04/30 00:20:56+00
12,Middle East,Asia,Bahrain,BH,26.0275,50.55,694,1492584,175752,164904,639,2021/04/30 00:20:56+00
13,Southern and Central Asia,Asia,Bangladesh,BD,23.685,90.3563,143998,164669751,756955,677101,11393,2021/04/30 00:20:56+00
14,Caribbean,North America,Barbados,BB,13.1939,-59.5432,430,285719,3838,3759,44,2021/04/30 00:20:56+00
15,Eastern Europe,Europe,Belarus,BY,53.7098,27.9534,207600,9468338,357233,347554,2532,2021/04/30 00:20:56+00
16,Western Europe,Europe,Belgium,BE,Incomplete,Incomplete,30518,11429336,982959,0,24140,Incomplete
17,Central America,North America,Belize,BZ,17.1899,-88.4976,22696,374681,12639,12198,323,2021/04/30 00:20:56+00
18,Western Africa,Africa,Benin,BJ,9.3077,2.3158,112622,11175692,7821,7580,99,2021/04/30 00:20:56+00
19,Southern and Central Asia,Asia,Bhutan,BT,27.5142,90.4336,47000,807610,1066,961,1,2021/04/30 00:20:56+00
20,South America,South America,Bolivia,BO,-16.2902,-63.5887,1098581,11051600,301831,249103,12920,2021/04/30 00:20:56+00
21,Southern Europe,Europe,Bosnia and Herzegovina,BA,43.9159,17.6791,51197,3507017,197866,158641,8512,2021/04/30 00:20:56+00
22,Southern Africa,Africa,Botswana,BW,-22.3285,24.6849,581730,2291661,46934,44960,712,2021/04/30 00:20:56+00
23,South America,South America,Brazil,BR,Incomplete,Incomplete,8547403,209288278,14590678,12938343,401186,Incomplete
24,Southeast Asia,Asia,Brunei,BN,4.5353,114.7277,5765,428697,224,215,3,2021/04/30 00:20:56+00
25,Eastern Europe,Europe,Bulgaria,BG,42.7339,25.4858,110994,7084571,403728,338312,16368,2021/04/30 00:20:56+00
26,Western Africa,Africa,Burkina Faso,BF,12.2383,-1.5616,274000,19193382,13304,13015,157,2021/04/30 00:20:56+00
27,Incomplete,Incomplete,Burma,Incomplete,21.9162,95.956,Incomplete,Incomplete,142800,131958,3209,2021/04/30 00:20:56+00
28,Eastern Africa,Africa,Burundi,BI,-3.3731,29.9189,27834,10864245,3985,773,6,2021/04/30 00:20:56+00
29,Incomplete,Incomplete,Cabo Verde,Incomplete,16.5388,-23.0418,Incomplete,Incomplete,23554,20257,213,2021/04/30 00:20:56+00
30,Southeast Asia,Asia,Cambodia,KH,11.55,104.9167,181035,16005373,12641,4986,91,2021/04/30 00:20:56+00
31,Central Africa,Africa,Cameroon,CM,3.848,11.5021,475442,24053727,65998,35261,991,2021/04/30 00:20:56+00
32,North America,North America,Canada,CA,Incomplete,Incomplete,9970610,36624199,1220108,1116894,24165,Incomplete
33,Central Africa,Africa,Central African Republic,CF,6.6111,20.9394,622984,4659080,6411,5112,88,2021/04/30 00:20:56+00
34,Central Africa,Africa,Chad,TD,15.4542,18.7322,1284000,14899994,4810,4416,170,2021/04/30 00:20:56+00
35,South America,South America,Chile,CL,Incomplete,Incomplete,756626,18054726,1190991,1125761,26247,Incomplete
36,Eastern Asia,Asia,China,CN,Incomplete,Incomplete,9572900,1409517397,102461,97132,4845,Incomplete
37,South America,South America,Colombia,CO,Incomplete,Incomplete,1138914,49065615,2841934,2650643,73230,Incomplete
38,Eastern Africa,Africa,Comoros,KM,-11.6455,43.3333,1862,813912,3834,3674,146,2021/04/30 00:20:56+00
39,Incomplete,Incomplete,Congo (Brazzaville),Incomplete,-0.228,15.8277,Incomplete,Incomplete,10678,8208,144,2021/04/30 00:20:56+00
40,Incomplete,Incomplete,Congo (Kinshasa),Incomplete,-4.0383,21.7587,Incomplete,Incomplete,29812,26206,763,2021/04/30 00:20:56+00
41,Central America,North America,Costa Rica,CR,9.7489,-83.7534,51100,4905769,248382,202593,3217,2021/04/30 00:20:56+00
42,Western Africa,Africa,Cote d'Ivoire,CI,7.54,-5.5471,322463,24294750,45943,45469,286,2021/04/30 00:20:56+00
43,Southern Europe,Europe,Croatia,HR,45.1,15.2,56538,4189353,330176,308258,7040,2021/04/30 00:20:56+00
44,Caribbean,North America,Cuba,CU,21.521757,-77.781167,110861,11484636,105661,99630,632,2021/04/30 00:20:56+00
45,Middle East,Asia,Cyprus,CY,35.1264,33.4299,9251,1179551,65233,39061,308,2021/04/30 00:20:56+00
46,Eastern Europe,Europe,Czechia,CZ,49.8175,15.473,78866,10618303,1628536,1548014,29213,2021/04/30 00:20:56+00
47,Nordic Countries,Europe,Denmark,DK,56.2639,9.5018,43094,5733551,251248,238450,2484,2021/04/30 00:20:56+00
48,Incomplete,Incomplete,Diamond Princess,Incomplete,,,Incomplete,Incomplete,712,699,13,2021/04/30 00:20:56+00
49,Eastern Africa,Africa,Djibouti,DJ,11.8251,42.5903,23200,956985,11026,10646,143,2021/04/30 00:20:56+00
50,Caribbean,North America,Dominica,DM,15.415,-61.371,751,73925,174,172,0,2021/04/30 00:20:56+00
51,Caribbean,North America,Dominican Republic,DO,18.7357,-70.1627,48511,10766998,266214,224746,3471,2021/04/30 00:20:56+00
52,South America,South America,Ecuador,EC,-1.8312,-78.1834,283561,16624858,380689,318598,18552,2021/04/30 00:20:56+00
53,Northern Africa,Africa,Egypt,EG,26.820553,30.802498,1001449,97553151,225528,169308,13219,2021/04/30 00:20:56+00
54,Central America,North America,El Salvador,SV,13.7942,-88.8965,21041,6377853,69198,64876,2120,2021/04/30 00:20:56+00
55,Central Africa,Africa,Equatorial Guinea,GQ,1.6508,10.2679,28051,1267689,7694,7279,112,2021/04/30 00:20:56+00
56,Eastern Africa,Africa,Eritrea,ER,15.1794,39.7823,117600,5068831,3671,3492,10,2021/04/30 00:20:56+00
57,Baltic Countries,Europe,Estonia,EE,58.5953,25.0136,45227,1309632,121657,110599,1158,2021/04/30 00:20:56+00
58,Incomplete,Incomplete,Eswatini,Incomplete,-26.5225,31.4659,Incomplete,Incomplete,18458,17743,671,2021/04/30 00:20:56+00
59,Eastern Africa,Africa,Ethiopia,ET,9.145,40.4897,1104300,104957438,256418,197916,3658,2021/04/30 00:20:56+00
60,Melanesia,Oceania,Fiji,FJ,-17.7134,178.065,18274,905502,116,65,2,2021/04/30 00:20:56+00
61,Nordic Countries,Europe,Finland,FI,61.92411,25.748151,338145,5523231,86613,46000,913,2021/04/30 00:20:56+00
62,Western Europe,Europe,France,FR,46.2276,2.2137,551500,64979548,5653533,344830,104385,2021/04/30 00:20:56+00
63,Central Africa,Africa,Gabon,GA,-0.8037,11.6094,267668,2025137,22818,19390,138,2021/04/30 00:20:56+00
64,Western Africa,Africa,Gambia,GM,13.4432,-15.3101,11295,2100568,5887,5341,174,2021/04/30 00:20:56+00
65,Middle East,Asia,Georgia,GE,42.3154,43.3569,69700,3912061,308834,289976,4095,2021/04/30 00:20:56+00
66,Western Europe,Europe,Germany,DE,Incomplete,Incomplete,357022,82114224,3376918,2987910,82657,Incomplete
67,Western Africa,Africa,Ghana,GH,7.9465,-1.0232,238533,28833629,92562,90196,779,2021/04/30 00:20:56+00
68,Southern Europe,Europe,Greece,GR,39.0742,21.8243,131626,11159773,342908,93764,10315,2021/04/30 00:20:56+00
69,Caribbean,North America,Grenada,GD,12.1165,-61.679,344,107825,160,158,1,2021/04/30 00:20:56+00
70,Central America,North America,Guatemala,GT,15.7835,-90.2308,108889,16913503,226247,201621,7500,2021/04/30 00:20:56+00
71,Western Africa,Africa,Guinea,GN,9.9456,-9.6966,245857,12717176,22152,19623,144,2021/04/30 00:20:56+00
72,Western Africa,Africa,Guinea-Bissau,GW,11.8037,-15.1804,36125,1861283,3731,3267,67,2021/04/30 00:20:56+00
73,South America,South America,Guyana,GY,4.860416,-58.93018,214969,777859,12963,11070,293,2021/04/30 00:20:56+00
74,Caribbean,North America,Haiti,HT,18.9712,-72.2852,27750,10981229,13017,12143,254,2021/04/30 00:20:56+00
75,Southern Europe,Europe,Holy See,VA,41.9029,12.4534,0.4,1000,27,15,0,2021/04/30 00:20:56+00
76,Central America,North America,Honduras,HN,15.2,-86.2419,112088,9265067,209490,78140,5223,2021/04/30 00:20:56+00
77,Eastern Europe,Europe,Hungary,HU,47.1625,19.5033,93030,9721559,776983,503697,27358,2021/04/30 00:20:56+00
78,Nordic Countries,Europe,Iceland,IS,64.9631,-19.0208,103000,335025,6466,6246,29,2021/04/30 00:20:56+00
79,Southern and Central Asia,Asia,India,IN,Incomplete,Incomplete,3287263,1339180127,18376524,15086878,204832,Incomplete
80,Southeast Asia,Asia,Indonesia,ID,-0.7893,113.9213,1904569,263991379,1662868,1517432,45334,2021/04/30 00:20:56+00
81,Southern and Central Asia,Asia,Iran,IR,32.427908,53.688046,1648195,81162788,2479805,1938064,71351,2021/04/30 00:20:56+00
82,Middle East,Asia,Iraq,IQ,33.223191,43.679291,438317,38274618,1058794,934935,15433,2021/04/30 00:20:56+00
83,British Isles,Europe,Ireland,IE,53.1424,-7.6921,70273,4761657,248326,23364,4899,2021/04/30 00:20:56+00
84,Middle East,Asia,Israel,IL,31.046051,34.851612,21056,8321570,838407,830530,6362,2021/04/30 00:20:56+00
85,Southern Europe,Europe,Italy,IT,Incomplete,Incomplete,301316,59359900,4009208,3449955,120544,Incomplete
86,Caribbean,North America,Jamaica,JM,18.1096,-77.2975,10990,2890299,45414,20945,770,2021/04/30 00:20:56+00
87,Eastern Asia,Asia,Japan,JP,Incomplete,Incomplete,377829,127484450,582184,515404,10073,Incomplete
88,Middle East,Asia,Jordan,JO,31.24,36.51,88946,9702353,709817,680907,8801,2021/04/30 00:20:56+00
89,Southern and Central Asia,Asia,Kazakhstan,KZ,48.0196,66.9237,2724900,18204499,369704,322749,3331,2021/04/30 00:20:56+00
90,Eastern Africa,Africa,Kenya,KE,-0.0236,37.9062,580367,49699862,158821,108124,2707,2021/04/30 00:20:56+00
91,Eastern Asia,Asia,"Korea, South",KR,35.907757,127.766922,99434,50982212,121351,110787,1825,2021/04/30 00:20:56+00
92,Incomplete,Incomplete,Kosovo,Incomplete,42.602636,20.902977,Incomplete,Incomplete,103638,91211,2134,2021/04/30 00:20:56+00
93,Middle East,Asia,Kuwait,KW,29.31166,47.481766,17818,4136528,272562,255817,1554,2021/04/30 00:20:56+00
94,Southern and Central Asia,Asia,Kyrgyzstan,KG,41.20438,74.766098,199900,6045117,94944,88923,1598,2021/04/30 00:20:56+00
95,Southeast Asia,Asia,Laos,LA,19.85627,102.495496,236800,6858160,672,50,0,2021/04/30 00:20:56+00
96,Baltic Countries,Europe,Latvia,LV,56.8796,24.6032,64589,1949670,117795,107069,2125,2021/04/30 00:20:56+00
97,Middle East,Asia,Lebanon,LB,33.8547,35.8623,10400,6082357,525577,457758,7249,2021/04/30 00:20:56+00
98,Southern Africa,Africa,Lesotho,LS,-29.61,28.2336,30355,2233339,10730,6267,316,2021/04/30 00:20:56+00
99,Western Africa,Africa,Liberia,LR,6.428055,-9.429499,111369,4731906,2099,1949,85,2021/04/30 00:20:56+00
100,Northern Africa,Africa,Libya,LY,26.3351,17.228331,1759540,5605000,177072,162672,3023,2021/04/30 00:20:56+00
101,Western Europe,Europe,Liechtenstein,LI,47.14,9.55,160,37922,2921,2781,57,2021/04/30 00:20:56+00
102,Baltic Countries,Europe,Lithuania,LT,55.1694,23.8813,65301,2890297,245896,221576,3916,2021/04/30 00:20:56+00
103,Western Europe,Europe,Luxembourg,LU,49.8153,6.1296,2586,583455,67045,63448,794,2021/04/30 00:20:56+00
104,Incomplete,Incomplete,MS Zaandam,Incomplete,,,Incomplete,Incomplete,9,7,2,2021/04/30 00:20:56+00
105,Eastern Africa,Africa,Madagascar,MG,-18.766947,46.869107,587041,25570895,36696,31013,637,2021/04/30 00:20:56+00
106,Eastern Africa,Africa,Malawi,MW,-13.2543,34.3015,118484,18622104,34062,32023,1148,2021/04/30 00:20:56+00
107,Southeast Asia,Asia,Malaysia,MY,4.210484,101.975766,329758,31624264,404925,375340,1492,2021/04/30 00:20:56+00
108,Southern and Central Asia,Asia,Maldives,MV,3.2028,73.2207,298,436330,29370,24703,73,2021/04/30 00:20:56+00
109,Western Africa,Africa,Mali,ML,17.570692,-3.996166,1240192,18541980,13815,8467,481,2021/04/30 00:20:56+00
110,Southern Europe,Europe,Malta,MT,35.9375,14.3754,316,430835,30276,29493,413,2021/04/30 00:20:56+00
111,Micronesia,Oceania,Marshall Islands,MH,7.1315,171.1845,181,53127,4,4,0,2021/04/30 00:20:56+00
112,Western Africa,Africa,Mauritania,MR,21.0079,-10.9408,1025520,4420184,18346,17632,455,2021/04/30 00:20:56+00
113,Eastern Africa,Africa,Mauritius,MU,-20.348404,57.552152,2040,1265138,1208,1068,17,2021/04/30 00:20:56+00
114,Central America,North America,Mexico,MX,19.4969,-99.7233,1958201,129163276,2336944,1858844,215918,Incomplete
115,Incomplete,Incomplete,Micronesia,Incomplete,7.4256,150.5508,Incomplete,Incomplete,1,1,0,2021/04/30 00:20:56+00
116,Eastern Europe,Europe,Moldova,MD,47.4116,28.3699,33851,4051212,250508,239399,5795,2021/04/30 00:20:56+00
117,Western Europe,Europe,Monaco,MC,43.7333,7.4167,1.5,38695,2452,2358,32,2021/04/30 00:20:56+00
118,Eastern Asia,Asia,Mongolia,MN,46.8625,103.8467,1566500,3075647,34623,18719,102,2021/04/30 00:20:56+00
119,Incomplete,Incomplete,Montenegro,Incomplete,42.708678,19.37439,Incomplete,Incomplete,97257,93369,1492,2021/04/30 00:20:56+00
120,Northern Africa,Africa,Morocco,MA,31.7917,-7.0926,446550,35739580,510886,497105,9020,2021/04/30 00:20:56+00
121,Eastern Africa,Africa,Mozambique,MZ,-18.665695,35.529562,801590,29668834,69864,64541,814,2021/04/30 00:20:56+00
122,Southern Africa,Africa,Namibia,NA,-22.9576,18.4904,824292,2533794,48177,45909,638,2021/04/30 00:20:56+00
123,Southern and Central Asia,Asia,Nepal,NP,28.1667,84.25,147181,29304998,317530,280167,3246,2021/04/30 00:20:56+00
124,Western Europe,Europe,Netherlands,NL,Incomplete,Incomplete,41526,17035938,1515142,25490,17372,Incomplete
125,Australia and New Zealand,Oceania,New Zealand,NZ,-40.9006,174.886,270534,4705818,2613,2564,26,2021/04/30 00:20:56+00
126,Central America,North America,Nicaragua,NI,12.865416,-85.207229,130000,6217581,6898,4225,182,2021/04/30 00:20:56+00
127,Western Africa,Africa,Niger,NE,17.607789,8.081666,1267000,21477348,5224,4847,191,2021/04/30 00:20:56+00
128,Western Africa,Africa,Nigeria,NG,9.082,8.6753,923768,190886311,165055,155041,2063,2021/04/30 00:20:56+00
129,Southern Europe,Europe,North Macedonia,MK,41.6086,21.7453,25713,2024000,152002,132171,4818,2021/04/30 00:20:56+00
130,Nordic Countries,Europe,Norway,NO,60.472,8.4689,323877,5305383,112336,17998,754,2021/04/30 00:20:56+00
131,Middle East,Asia,Oman,OM,21.512583,55.923255,309500,4636262,193253,173123,2010,2021/04/30 00:20:56+00
132,Southern and Central Asia,Asia,Pakistan,PK,Incomplete,Incomplete,796095,197015955,815711,708193,17680,Incomplete
133,Central America,North America,Panama,PA,8.538,-80.7821,75517,4098587,363895,353774,6222,2021/04/30 00:20:56+00
134,Melanesia,Oceania,Papua New Guinea,PG,-6.314993,143.95555,462840,8251162,10997,8943,107,2021/04/30 00:20:56+00
135,South America,South America,Paraguay,PY,-23.4425,-58.4438,406752,6811297,274170,225559,6196,2021/04/30 00:20:56+00
136,South America,South America,Peru,PE,Incomplete,Incomplete,1285216,32165485,1783339,1728662,60742,Incomplete
137,Southeast Asia,Asia,Philippines,PH,12.879721,121.774017,300000,104918090,1028738,942239,17145,2021/04/30 00:20:56+00
138,Eastern Europe,Europe,Poland,PL,51.9194,19.1451,323250,38170712,2785353,2483780,67073,2021/04/30 00:20:56+00
139,Southern Europe,Europe,Portugal,PT,39.3999,-8.2245,91982,10329506,836033,795326,16974,2021/04/30 00:20:56+00
140,Middle East,Asia,Qatar,QA,25.3548,51.1839,11000,2639211,204976,187951,450,2021/04/30 00:20:56+00
141,Eastern Europe,Europe,Romania,RO,45.9432,24.9668,238391,19679306,1053629,985827,27971,2021/04/30 00:20:56+00
142,Eastern Europe,Europe,Russia,RU,Incomplete,Incomplete,17075400,143989754,4742142,4369214,107902,Incomplete
143,Eastern Africa,Africa,Rwanda,RW,-1.9403,29.8739,26338,12208407,24995,23206,333,2021/04/30 00:20:56+00
144,Caribbean,North America,Saint Kitts and Nevis,KN,17.357822,-62.782998,261,55345,44,44,0,2021/04/30 00:20:56+00
145,Caribbean,North America,Saint Lucia,LC,13.9094,-60.9789,622,178844,4534,4357,74,2021/04/30 00:20:56+00
146,Caribbean,North America,Saint Vincent and the Grenadines,VC,12.9843,-61.2872,388,109897,1855,1712,11,2021/04/30 00:20:56+00
147,Polynesia,Oceania,Samoa,WS,-13.759,-172.1046,2831,196440,3,2,0,2021/04/30 00:20:56+00
148,Southern Europe,Europe,San Marino,SM,43.9424,12.4578,61,33400,5060,4909,90,2021/04/30 00:20:56+00
149,Central Africa,Africa,Sao Tome and Principe,ST,0.1864,6.6131,964,204327,2301,2239,35,2021/04/30 00:20:56+00
150,Middle East,Asia,Saudi Arabia,SA,23.885942,45.079162,2149690,32938213,416307,399509,6946,2021/04/30 00:20:56+00
151,Western Africa,Africa,Senegal,SN,14.4974,-14.4524,196722,15850567,40295,39021,1107,2021/04/30 00:20:56+00
152,Incomplete,Incomplete,Serbia,Incomplete,44.0165,21.0059,Incomplete,Incomplete,687944,0,6337,2021/04/30 00:20:56+00
153,Eastern Africa,Africa,Seychelles,SC,-4.6796,55.492,455,94737,5456,4675,26,2021/04/30 00:20:56+00
154,Western Africa,Africa,Sierra Leone,SL,8.460555,-11.779889,71740,7557212,4053,3075,79,2021/04/30 00:20:56+00
155,Southeast Asia,Asia,Singapore,SG,1.2833,103.8333,618,5708844,61121,60718,30,2021/04/30 00:20:56+00
156,Eastern Europe,Europe,Slovakia,SK,48.669,19.699,49012,5447662,381744,255300,11647,2021/04/30 00:20:56+00
157,Southern Europe,Europe,Slovenia,SI,46.1512,14.9955,20256,2079976,239339,225792,4243,2021/04/30 00:20:56+00
158,Melanesia,Oceania,Solomon Islands,SB,-9.6457,160.1562,28896,611343,20,20,0,2021/04/30 00:20:56+00
159,Eastern Africa,Africa,Somalia,SO,5.152149,46.199616,637657,14742523,13915,5847,713,2021/04/30 00:20:56+00
160,Southern Africa,Africa,South Africa,ZA,-30.5595,22.9375,1221037,56717156,1579536,1504426,54331,2021/04/30 00:20:56+00
161,Eastern Africa,Africa,South Sudan,SS,6.877,31.307,619745,12575714,10567,10312,114,2021/04/30 00:20:56+00
162,Southern Europe,Europe,Spain,ES,Incomplete,Incomplete,505992,46354321,3514942,150376,78080,Incomplete
163,,Incomplete,Sri Lanka,Incomplete,7.873054,80.771797,Incomplete,20876917,106484,95445,661,2021/04/30 00:20:56+00
164,Northern Africa,Africa,Sudan,SD,12.8628,30.2176,1886068,40533330,33944,26795,2349,2021/04/30 00:20:56+00
165,South America,South America,Suriname,SR,3.9193,-56.0278,163265,563402,10218,9249,201,2021/04/30 00:20:56+00
166,Nordic Countries,Europe,Sweden,SE,Incomplete,Incomplete,449964,9910701,967678,0,14002,Incomplete
167,Western Europe,Europe,Switzerland,CH,46.8182,8.2275,41284,8476005,658143,317600,10625,2021/04/30 00:20:56+00
168,Middle East,Asia,Syria,SY,34.802075,38.996815,185180,18269868,22631,16661,1583,2021/04/30 00:20:56+00
169,Incomplete,Incomplete,Taiwan*,Incomplete,23.7,121,Incomplete,Incomplete,1121,1051,12,2021/04/30 00:20:56+00
170,Southern and Central Asia,Asia,Tajikistan,TJ,38.861,71.2761,143100,8921343,13308,13218,90,2021/04/30 00:20:56+00
171,Eastern Africa,Africa,Tanzania,TZ,-6.369028,34.888822,883749,57310019,509,183,21,2021/04/30 00:20:56+00
172,Southeast Asia,Asia,Thailand,TH,15.870032,100.992541,513115,69037513,63570,26873,188,2021/04/30 00:20:56+00
173,Incomplete,Incomplete,Timor-Leste,Incomplete,-8.874217,125.727539,Incomplete,Incomplete,2190,1067,3,2021/04/30 00:20:56+00
174,Western Africa,Africa,Togo,TG,8.6195,0.8248,56785,7797694,12931,11045,123,2021/04/30 00:20:56+00
175,Caribbean,North America,Trinidad and Tobago,TT,10.6918,-61.2225,5130,1369125,10498,8420,165,2021/04/30 00:20:56+00
176,Northern Africa,Africa,Tunisia,TN,33.886917,9.537499,163610,11532127,307215,258190,10641,2021/04/30 00:20:56+00
177,Middle East,Asia,Turkey,TR,38.9637,35.2433,774815,80745020,4788700,4255714,39737,2021/04/30 00:20:56+00
178,Eastern Africa,Africa,Uganda,UG,1.373333,32.290275,241038,42862958,41797,41422,342,2021/04/30 00:20:56+00
179,Eastern Europe,Europe,Ukraine,UA,Incomplete,Incomplete,603700,44222947,2113880,1685659,45607,Incomplete
180,Middle East,Asia,United Arab Emirates,AE,23.424076,53.847818,83600,9400145,518262,498943,1584,2021/04/30 00:20:56+00
181,British Isles,Europe,United Kingdom,GB,Incomplete,Incomplete,242900,66181585,4429841,14621,127756,Incomplete
182,South America,South America,Uruguay,UY,-32.5228,-55.7658,175016,3456750,195734,164965,2563,2021/04/30 00:20:56+00
183,Southern and Central Asia,Asia,Uzbekistan,UZ,41.377491,64.585262,447400,31910641,90406,86774,647,2021/04/30 00:20:56+00
184,Melanesia,Oceania,Vanuatu,VU,-15.3767,166.9592,12189,276244,4,3,1,2021/04/30 00:20:56+00
185,South America,South America,Venezuela,VE,6.4238,-66.5897,912050,31977065,194959,177082,2099,2021/04/30 00:20:56+00
186,Southeast Asia,Asia,Vietnam,VN,14.058324,108.277199,331689,95540800,2910,2516,35,2021/04/30 00:20:56+00
187,Incomplete,Incomplete,West Bank and Gaza,Incomplete,31.9522,35.2332,Incomplete,Incomplete,295601,271233,3231,2021/04/30 00:20:56+00
188,Middle East,Asia,Yemen,YE,15.552727,48.516388,527968,28250420,6294,2731,1222,2021/04/30 00:20:56+00
189,Eastern Africa,Africa,Zambia,ZM,-13.133897,27.849332,752618,17094130,91533,89852,1250,2021/04/30 00:20:56+00
190,Eastern Africa,Africa,Zimbabwe,ZW,-19.015438,29.154857,390757,16529904,38235,35594,1567,2021/04/30 00:20:56+00
191,North America,North America,US,US,Incomplete,Incomplete,9363520,324459463,32283400,0,575056,Incomplete
192,Incomplete,Incomplete,Global,Incomplete,Incomplete,Incomplete,Incomplete,7444509223,150076081,87233798,3160668,Incomplete
